Workbook

Sheet base
A1: Local | B1: Dias Úteis | C1: Dias Dec. | D1: Vlr Total Meta | E1: Vlr Desafio | F1: Vlr Liq. Realiz. | G1: % Sob. Total | H1: % Ating Meta | I1: Vlr Proj. Loc. | J1: % Proj. | K1: % Mrg | L1: Falta na Meta/Dia
A2: 01-SCR | B2: 25 | C2: 14 | D2: 118900 | E2: 130790 | F2: 41463.48 | G2: 0.0937 | H2: 0.3487 | I2: 74041.93 | J2: 0.6227 | K2: 0.4893 | L2: 7039.68
A3: 05-TUC | B3: 25 | C3: 14 | D3: 105500 | E3: 116050 | F3: 34316.63 | G3: 0.0775 | H3: 0.3253 | I3: 61279.7 | J3: 0.5809 | K3: 0.5829 | L3: 6471.22
A4: 09-SPM | B4: 25 | C4: 14 | D4: 105500 | E4: 116050 | F4: 31936.48 | G4: 0.0721 | H4: 0.3027 | I4: 57029.43 | J4: 0.5406 | K4: 0.5779 | L4: 6687.59
A5: 10-CMI | B5: 25 | C5: 14 | D5: 112900 | E5: 124190 | F5: 45625.8 | G5: 0.1031 | H5: 0.4041 | I5: 81474.64 | J5: 0.7217 | K5: 0.5716 | L5: 6115.84
A6: 11-CAT | B6: 25 | C6: 14 | D6: 154500 | E6: 169950 | F6: 98209.45 | G6: 0.2218 | H6: 0.6357 | I6: 175374.02 | J6: 1.1351 | K6: 0.5767 | L6: 5117.32
A7: 13-GMI | B7: 25 | C7: 14 | D7: 105500 | E7: 116050 | F7: 50002.54 | G7: 0.1129 | H7: 0.474 | I7: 89290.25 | J7: 0.8464 | K7: 0.5846 | L7: 5045.22
A8: 16-DMC | B8: 25 | C8: 14 | D8: 112900 | E8: 124190 | F8: 62276.37 | G8: 0.1407 | H8: 0.5516 | I8: 111207.8 | J8: 0.985 | K8: 0.5751 | L8: 4602.15
A9: 17-RGO | B9: 25 | C9: 14 | D9: 121500 | E9: 133650 | F9: 78914.03 | G9: 0.1782 | H9: 0.6495 | I9: 140917.91 | J9: 1.1598 | K9: 0.5747 | L9: 3871.45
A10: 99-MTZ
A11: Total | D11: =SUM(D2:D10) -> 937200 | E11: =SUM(E2:E10) -> 1030920 | F11: =SUM(F2:F10) -> 442744.78 | G11: 1 | H11: =F11/D11 -> 0.47241227 | I11: =SUM(I2:I10) -> 790615.68 | J11: =I11/D11 -> 0.84359334 | L11: =SUM(L2:L10) -> 44950.47
A12: Grand Total | D12: =D11 -> 937200 | E12: =E11 -> 1030920 | F12: =F11 -> 442744.78 | G12: =G11 -> 1 | H12: =H11 -> 0.47241227 | I12: =I11 -> 790615.68 | J12: =J11 -> 0.84359334 | L12: =L11 -> 44950.47
A18: Local | B18: Meta dia | C18: Venda dia | D18: % Realizado | E18: SFS Moda do Mês | F18: Encargos | G18: Venda dia + Encargos
A19: =A3 -> 05-TUC | B19: =L3 -> 6471.22 | C19: 1210.45 | D19: =C19/B19 -> 0.18705128 | E19: ='[1]P Eliane'!$I$3 -> 4311.11 | F19: ='[1]P Eliane'!$H$3 -> 0 | G19: =SUM(F19,C19) -> 1210.45
A20: =A7 -> 13-GMI | B20: =L7 -> 5045.22 | C20: 2655.7 | D20: =C20/B20 -> 0.52637942 | E20: ='[1]P Eliane'!$I$7 -> 4444.15 | F20: ='[1]P Eliane'!$H$7 -> 316.44 | G20: =SUM(F20,C20) -> 2972.14
A21: =A8 -> 16-DMC | B21: =L8 -> 4602.15 | C21: 1429.55 | D21: =C21/B21 -> 0.31062655 | E21: ='[1]P Eliane'!$I$8 -> 1187.47 | F21: ='[1]P Eliane'!$H$8 -> 0 | G21: =SUM(F21,C21) -> 1429.55
A22: =A9 -> 17-RGO | B22: =L9 -> 3871.45 | C22: 3152.55 | D22: =C22/B22 -> 0.8143073 | E22: ='[1]P Eliane'!$I$9 -> 710.94 | F22: ='[1]P Eliane'!$H$9 -> 0 | G22: =SUM(F22,C22) -> 3152.55
A23: =A5 -> 10-CMI | B23: =L5 -> 6115.84 | C23: 380.21 | D23: =C23/B23 -> 0.062168075 | E23: ='[1]P Eliane'!$I$5 -> 1791.69 | F23: ='[1]P Eliane'!$H$5 -> 119.16 | G23: =SUM(F23,C23) -> 499.37
A24: =A6 -> 11-CAT | B24: =L6 -> 5117.32 | C24: 0 | D24: =C24/B24 -> 0 | E24: ='[1]P Eliane'!$I$6 -> 336.36 | F24: ='[1]P Eliane'!$H$6 -> 322.68 | G24: =SUM(F24,C24) -> 322.68
A25: =A4 -> 09-SPM | B25: =L4 -> 6687.59 | C25: 1225.39 | D25: =C25/B25 -> 0.18323342 | E25: ='[1]P Eliane'!$I$4 -> 1383.58 | F25: ='[1]P Eliane'!$H$4 -> 0 | G25: =SUM(F25,C25) -> 1225.39
A26: =A2 -> 01-SCR | B26: =L2 -> 7039.68 | C26: 1354.22 | D26: =C26/B26 -> 0.19236954 | E26: ='[1]P Eliane'!$I$2 -> 893.87 | F26: ='[1]P Eliane'!$H$2 -> 0 | G26: =SUM(F26,C26) -> 1354.22
A27: 99 - MTZ | B27: =L10 -> 0 | C27: 0 | D27: =IFERROR(C27/B27,0) -> 0 | E27: =SUM(E18:E25) -> 14165.3 | G27: =SUM(F27,C27) -> 0
A28: =A11 -> Total | B28: =SUM(B19:B26) -> 44950.47 | C28: =SUM(C19:C26) -> 11408.07 | D28: =C28/B28 -> 0.25379201 | E28: =SUM(E19:E26) -> 15059.17 | F28: =SUM(F19:F26) -> 758.28 | G28: =SUM(G19:G26) -> 12166.35
B29: Meta mês | C29: Venda mês | D29: =D18 -> % Realizado
A30: Total geral | B30: =D11 -> 937200 | C30: =C28+F11 -> 454152.85 | D30: =C30/B30 -> 0.48458477

Sheet Venda_Lojas_Hoje
A1: AnoMes | B1: Loja | C1: Meta - Volume | D1: Realizado - Volume | E1: % Realizado - Volume | F1: % Projeção | G1: R$ Projeção | H1: %
A2: 202609 | B2: =base!A2 -> 01-SCR | C2: =base!D2 -> 118900 | D2: =base!F2 -> 41463.48 | E2: =D2/C2 -> 0.34872565 | F2: =(base!J2) -> 0.6227 | G2: =C2*F2 -> 74039.03 | H2: =base!K2 -> 0.4893
A3: 202609 | B3: =base!A3 -> 05-TUC | C3: =base!D3 -> 105500 | D3: =base!F3 -> 34316.63 | E3: =D3/C3 -> 0.32527611 | F3: =(base!J3) -> 0.5809 | G3: =C3*F3 -> 61284.95 | H3: =base!K3 -> 0.5829
A4: 202609 | B4: =base!A4 -> 09-SPM | C4: =base!D4 -> 105500 | D4: =base!F4 -> 31936.48 | E4: =D4/C4 -> 0.30271545 | F4: =(base!J4) -> 0.5406 | G4: =C4*F4 -> 57033.3 | H4: =base!K4 -> 0.5779
A5: 202609 | B5: =base!A5 -> 10-CMI | C5: =base!D5 -> 112900 | D5: =base!F5 -> 45625.8 | E5: =D5/C5 -> 0.40412578 | F5: =(base!J5) -> 0.7217 | G5: =C5*F5 -> 81479.93 | H5: =base!K5 -> 0.5716
A6: 202609 | B6: =base!A6 -> 11-CAT | C6: =base!D6 -> 154500 | D6: =base!F6 -> 98209.45 | E6: =D6/C6 -> 0.63565987 | F6: =(base!J6) -> 1.1351 | G6: =C6*F6 -> 175372.95 | H6: =base!K6 -> 0.5767
A7: 202609 | B7: =base!A7 -> 13-GMI | C7: =base!D7 -> 105500 | D7: =base!F7 -> 50002.54 | E7: =D7/C7 -> 0.47395773 | F7: =(base!J7) -> 0.8464 | G7: =C7*F7 -> 89295.2 | H7: =base!K7 -> 0.5846
A8: 202609 | B8: =base!A8 -> 16-DMC | C8: =base!D8 -> 112900 | D8: =base!F8 -> 62276.37 | E8: =D8/C8 -> 0.55160647 | F8: =(base!J8) -> 0.985 | G8: =C8*F8 -> 111206.5 | H8: =base!K8 -> 0.5751
A9: 202609 | B9: =base!A9 -> 17-RGO | C9: =base!D9 -> 121500 | D9: =base!F9 -> 78914.03 | E9: =D9/C9 -> 0.64949819 | F9: =(base!J9) -> 1.1598 | G9: =C9*F9 -> 140915.7 | H9: =base!K9 -> 0.5747
A10: 202609 | B10: =base!A10 -> 99-MTZ | C10: =base!D10 -> 0 | D10: =base!F10 -> 0 | E10: =D10/C10 -> #DIV/0! | F10: =(base!J10) -> 0 | G10: =C10*F10 -> 0 | H10: =base!K10 -> 0
A11: 202609 | B11: =base!A11 -> Total | C11: =SUM(C1:C10) -> 937200 | D11: =SUM(D1:D10) -> 442744.78 | E11: =D11/C11 -> 0.47241227 | F11: =base!J12 -> 0.84359334 | G11: =C11*F11 -> 790615.68

Sheet venda_lojas_hoje_dia
A1: AnoMes | B1: Meta_Dia | C1: Realizado_Dia | D1: % Realizado_dia | E1: GAP_Dia | F1: GAT_Total_Mes | G1: % Mrg | H1: %
A2: 202609 | B2: =base!L12 -> 44950.47 | C2: =base!C28 -> 11408.07 | D2: =IFERROR(C2/B2,0) -> 0.25379201 | E2: =B2-C2 -> 33542.4 | F2: =base!F12-base!D12 -> -494455.22 | G2: =(base!K12)&H1 -> %
